Title,Genres,Actors,Directors,Synopsis,Rating
A Minecraft Movie,"Family, Comedy, Adventure, Fantasy","Jason Momoa, Jack Black, Sebastian Eugene Hansen",Jared Hess,"Four misfits find themselves struggling with ordinary problems when they are suddenly pulled through a mysterious portal into the Overworld: a bizarre, cubic wonderland that thrives on imagination. To get back home, they'll have to master this world while embarking on a magical quest with an unexpected, expert crafter, Steve.",6.0
Carjackers,"Action, Adventure","Zoé Marchal, Franck Gastambide, Bosh",Kamel Guemra,"By day, they're invisible—valets, hostesses, and bartenders at a luxury hotel. By night, they're the Carjackers, a crew of skilled drivers who track and rob wealthy clients on the road. As they plan their ultimate heist, the hotel director hires a ruthless hitman, to stop them at all costs. With danger closing in, can Nora, Zoe, Steve, and Prestance pull off their biggest score yet?",6.096
Deva,"Action, Thriller, Mystery, Crime","Shahid Kapoor, Pooja Hegde, Pavail Gulati",Rosshan Andrrews,"Dev Ambre, a ruthless cop, loses his memory in an accident just after he has finished solving a murder case and now has to reinvestigate it while keeping his memory loss a secret from everyone except DCP Farhan Khan.",3.5
Fight or Flight,"Action, Thriller","Josh Hartnett, Katee Sackhoff, Marko Zaror",James Madigan,A mercenary takes on the job of tracking down a target on a plane but must protect her when they're surrounded by people trying to kill both of them.,4.188
Captain America: Brave New World,"Action, Thriller, Science Fiction","Anthony Mackie, Harrison Ford, Danny Ramirez",Julius Onah,"After meeting with newly elected U.S. President Thaddeus Ross, Sam finds himself in the middle of an international incident. He must discover the reason behind a nefarious global plot before the true mastermind has the entire world seeing red.",6.089
Cleaner,"Action, Thriller","Daisy Ridley, Clive Owen, Taz Skylar",Martin Campbell,"When a group of radical activists take over an energy company's annual gala, seizing 300 hostages, an ex-soldier turned window cleaner suspended 50 storeys up on the outside of the building must save those trapped inside, including her younger brother.",6.492
In the Lost Lands,"Fantasy, Adventure, Action","Milla Jovovich, Dave Bautista, Arly Jover",Paul W. S. Anderson,"A queen sends the powerful and feared sorceress Gray Alys to the ghostly wilderness of the Lost Lands in search of a magical power, where the sorceress and her guide, the drifter Boyce must outwit and outfight man and demon.",5.743
Ask Me What You Want,"Romance, Drama","Gabriela Andrada, Mario Ermito, Celia Freijeiro",Lucía Alemany,"After his father's death, Eric Zimmerman travels to Spain to oversee his company's branches. In Madrid, he falls for Judith and engage in an intense, erotic relationship full of exploration. However, Eric fears his secret may end their affair.",5.675
The Quiet Ones,"Action, Drama","Gustav Dyekjær Giese, Reda Kateb, Amanda Collin",Frederik Louis Hviid,"In 2008, a group of men from Denmark and across Europe pull off the biggest heist of all time on Danish soil. Kasper, a boxer with few chances left in life, is offered the opportunity to plan the robbery by its foreign initiators.",4.8
The Codes of War,"Action, War","Noah Gray-Cabey, Michael Grant","Paul Anderson, Joshua DeFour, Marielle Woods","War stories about family, ethics and honor include the true story of two U.S. Marines who in a span of six seconds, must stand their ground to stop a suicide truck bomb, a Navy Corpsman who attempts to hold on to his humanity, and a WW2 soldier who gets separated from his squad and is forced to re-evaluate his code.",6.06
A Working Man,"Action, Crime, Thriller","Jason Statham, David Harbour, Michael Peña",David Ayer,"Levon Cade left behind a decorated military career in the black ops to live a simple life working construction. But when his boss's daughter, who is like family to him, is taken by human traffickers, his search to bring her home uncovers a world of corruption far greater than he ever could have imagined.",6.487
Cosmic Chaos,"Thriller, Science Fiction","Curtis Bechdholt, Caroline Dhavernas, Ken Godmere",,"Battles in virtual reality, survival in a post-apocalyptic wasteland, a Soviet spaceship giving a distress signal - Fantastic stories created with advanced special effects and passion.",5.711
Mickey 17,"Science Fiction, Comedy, Adventure","Robert Pattinson, Naomi Ackie, Steven Yeun",Bong Joon Ho,"Unlikely hero Mickey Barnes finds himself in the extraordinary circumstance of working for an employer who demands the ultimate commitment to the job… to die, for a living.",7.0
Peter Pan's Neverland Nightmare,"Horror, Thriller, Fantasy","Martin Portlock, Megan Placito, Kit Green",Scott Chambers,"Wendy Darling strikes out in an attempt to rescue her brother Michael from the clutches of the evil Peter Pan who intends to send him to Neverland. Along the way she meets a twisted Tinkerbell, who is hooked on what she thinks is fairy dust.",5.054
The Hard Hit,"Action, Thriller, Crime","Brian Ronan Mulroy, Jamie Ohlsen, Malachi Durant","Darien Smith, Omie Blue","An Interpol agent hunting the head of a global crime syndicate tracks his target to Las Vegas, but when the criminal organization kills his wife and daughter, he goes above the law to get his revenge.",0.0
Moana 2,"Animation, Adventure, Family, Comedy","Auliʻi Cravalho, Dwayne Johnson, Hualālai Chung","David G. Derrick Jr., Jason Hand, Dana Ledoux Miller","After receiving an unexpected call from her wayfinding ancestors, Moana journeys alongside Maui and a new crew to the far seas of Oceania and into dangerous, long-lost waters for an adventure unlike anything she's ever faced.",7.082
Mufasa: The Lion King,"Adventure, Family, Animation","Aaron Pierre, Kelvin Harrison, Jr., Tiffany Boone",Barry Jenkins,"Mufasa, a cub lost and alone, meets a sympathetic lion named Taka, the heir to a royal bloodline. The chance meeting sets in motion an expansive journey of a group of misfits searching for their destiny.",7.414
Ghost Game,"Horror, Thriller","Kia Dorsey, Zaen Haidar, Aiden Hughes",Jill Gevargizian,"As part of an internet challenge to live undetected in a stranger’s home, a daring couple target an infamous haunted house and endure a series of chilling incidents as they witness a family descending into madness.",3.6
Turno nocturno,Horror,"Paulina Gaitán, Tony Dalton, Patricia Reyes Spíndola",Rigoberto Castañeda,"A young nurse with a domestic abuse past starts working the night shift at a small hospital, where, during the night, the ghost of a nurse materializes.",6.491
Batman Ninja vs. Yakuza League,"Animation, Action","Koichi Yamadera, Yuki Kaji, Kengo Kawanishi","Jumpei Mizusaki, Shinji Takagi","The Batman family has returned to the present to discover that Japan has disappeared, and a giant island - Hinomoto - is now in the sky over Gotham City.  At the top sit the Yakuza, a group of superpowered individuals who reign without honor or humanity and look suspiciously like the Justice League. Now, it’s up to Batman and his allies to save Gotham!",6.682
Sonic the Hedgehog 3,"Action, Science Fiction, Comedy, Family, Adventure, Fantasy","Jim Carrey, Ben Schwartz, Keanu Reeves",Jeff Fowler,"Sonic, Knuckles, and Tails reunite against a powerful new adversary, Shadow, a mysterious villain with powers unlike anything they have faced before. With their abilities outmatched in every way, Team Sonic must seek out an unlikely alliance in hopes of stopping Shadow and protecting the planet.",7.743
Cinderella's Revenge,"Fantasy, Horror","Lauren Staerck, Natasha Henstridge, Stephanie Lodge",Andy Edwards,"Cinderella finds freedom from her wicked stepmother with the help of her fairy godmother. Only this time, they unleash a plan of bloody vengeance.",4.071
825 Forest Road,Horror,"Brian Anthony Wilson, Mike Sutton, Lorenzo Beronilla",Stephen Cognetti,"After a family tragedy, Chuck Wilson hopes to start a new life in Ashland Falls with his wife Maria and little sister Elizabeth, but he quickly discovers that the town has a dark history of being haunted by a ghostly woman who drives residents to suicide.",6.333
Black Bag,"Drama, Mystery, Thriller","Cate Blanchett, Michael Fassbender, Marisa Abela",Steven Soderbergh,"When intelligence agent Kathryn Woodhouse is suspected of betraying the nation, her husband – also a legendary agent – faces the ultimate test of whether to be loyal to his marriage, or his country.",6.397
Popeye the Slayer Man,Horror,"Sarah Nicklin, Scott Swope, Angela Relucio",Robert Michael Ryan,"A curious group of friends sneak into an abandoned spinach canning factory to film a documentary on the legend of the ""Sailor Man,"" who is said to haunt the factory and local docks.",6.134
The Life List,"Romance, Comedy, Drama","Sofia Carson, Kyle Allen, Sebastian de Souza",Adam Brooks,"When her mother sends her on a quest to complete a teenage bucket list, a young woman uncovers family secrets, finds romance — and rediscovers herself.",6.9
Counterattack,"Action, Adventure, Thriller","Luis Alberti, Noé Hernández, Leonardo Alonso",Chava Cartas,"When a hostage rescue mission creates a new enemy, Capt. Guerrero and his elite soldiers must face an ambush by a criminal group.",8.382
Flight Risk,"Action, Crime, Thriller","Mark Wahlberg, Michelle Dockery, Topher Grace",Mel Gibson,"A U.S. Marshal escorts a government witness to trial after he's accused of getting involved with a mob boss, only to discover that the pilot who is transporting them is also a hitman sent to assassinate the informant. After they subdue him, they're forced to fly together after discovering that there are others attempting to eliminate them.",6.1
Snow White,"Family, Fantasy","Rachel Zegler, Gal Gadot, Andrew Burnap",Marc Webb,"Princess Snow White flees the castle when the Evil Queen, in her jealousy over Snow White's inner beauty, tries to kill her. Deep into the dark woods, she stumbles upon seven magical dwarves and a young thief named Jonathan. Together, they strive to survive the Queen's relentless pursuit and aspire to take back the kingdom in the process.",4.537
Hellhound,"Action, Crime, Thriller","Louis Mandylor, Vithaya Pansringarm, Van Quattro",Joshua Dixon,"Ready to leave his profession behind, Loreno, an assassin, lends help to an old friend, Cetan, and taking one last job in Thailand seeking out a local kingpin. A lapse in judgment means Loreno crosses paths with old colleague Paul.",6.338
Dark Match,"Action, Horror","Ayisha Issa, Steven Ogg, Mo Jabari",Lowell Dean,"A small-time wrestling company accepts a well-paying gig in a backwoods town only to learn, too late, that the community is run by a mysterious cult leader with devious plans for their match.",4.818
Breathing In,"Horror, Thriller, Drama","Michele Burgers, Sven Ruygrok, Jamie-Lee Money",Jaco Bouwer,"1901, South Africa. As the Second Anglo-Boer War rages on, a wounded General seeks refuge in the small home of a woman and her young daughter. As the hurt man settles in, he begins noticing that something is off about the two women, particularly the daughter, and before long, he’ll learn the real reason for why they’ve invited him and for how they’ve survived on their own for so long.",5.0
Old Guy,"Action, Comedy","Christoph Waltz, Lucy Liu, Cooper Hoffman",Simon West,"Stuck at a dead end but vying for the love of spunky club manager Anata, aging contract killer Danny Dolinski is thrilled when The Company pulls him back in the field, but only to train Gen Z newcomer Wihlborg, a prodigy assassin with an attitude.",5.575
The Gorge,"Romance, Science Fiction, Thriller","Miles Teller, Anya Taylor-Joy, Sigourney Weaver",Scott Derrickson,"Two highly trained operatives grow close from a distance after being sent to guard opposite sides of a mysterious gorge. When an evil below emerges, they must work together to survive what lies within.",7.732
Uranus 2324,"Romance, Drama, Science Fiction","Sarocha Chankimha, Rebecca Patricia Armstrong, Torfan Taweema",Thanadol Nuansut,"Bonded in their youth and separated by tragedy, an astronaut and a free diver bend the laws of space and time in their efforts to be together again.",6.224
Demon City,"Action, Crime, Fantasy, Thriller","Toma Ikuta, Masahiro Higashide, Miou Tanaka",Seiji Tanaka,"Framed for his family's murder and left for dead, an ex-hitman will stop at nothing to exact revenge on the masked ""demons"" who have taken over his city.",6.864
Opus,"Horror, Mystery, Thriller","Ayo Edebiri, John Malkovich, Juliette Lewis",Mark Anthony Green,"A young writer is invited to the remote compound of a legendary pop star who mysteriously disappeared thirty years ago. Surrounded by the star's cult of sycophants and intoxicated journalists, she finds herself in the middle of his twisted plan.",5.311
"I, the Executioner","Action, Crime","Hwang Jung-min, Jung Hae-in, Oh Dal-su",Ryoo Seung-wan,"The veteran detective Seo Do-cheol and his team at Major Crimes, relentless in their pursuit of criminals, join forces with rookie cop Park Sun-woo to track down a serial killer who has plunged the nation into turmoil.",6.9
Kraven the Hunter,"Action, Adventure, Thriller","Aaron Taylor-Johnson, Ariana DeBose, Fred Hechinger",J.C. Chandor,"Kraven Kravinoff's complex relationship with his ruthless gangster father, Nikolai, starts him down a path of vengeance with brutal consequences, motivating him to become not only the greatest hunter in the world, but also one of its most feared.",6.623
Plankton: The Movie,"Animation, Adventure, Comedy, Family, Fantasy","Mr. Lawrence, Jill Talley, Tom Kenny",Dave Needham,Plankton's tangled love story with his sentient computer wife goes sideways when she takes a stand — and decides to destroy the world without him.,6.953
Amaran,"Action, Drama, Adventure, War","Sivakarthikeyan, Sai Pallavi, Rahul Bose",Rajkumar Periasamy,"A heroic true story of Major Mukund Varadarajan, an Indian Army officer who displayed extraordinary bravery during a counterterrorism mission in Kashmir’s Shopian district. The film captures his courage in protecting his nation and the devotion of his wife Indhu Rebecaa Varghese.",7.354
Sky Force,"Action, Thriller","Akshay Kumar, Veer Pahariya, Nimrat Kaur","Abhishek Kapur, Sandeep Kewlani","In the 1965 Indo-Pak War, India faces a devastating surprise attack. Wing Commander Ahuja leads a retaliatory strike, but Squadron Leader Vijaya goes missing after a heroic solo engagement against a superior enemy jet. Ahuja spends 23 years seeking the truth and uncovering a cover-up.",6.827
The Vigilante,"Thriller, Action","Jet Jandreau, Alison Jaye Horowitz, Ana Alexander",Lee Whittaker,"Returning from Afghanistan, Jessica, a Spec OPS Marine, finds herself in a war she never imagined and discovers middle America suburbia has changed when her thirteen year old sister, Aimee, is abducted by sex traffickers.",5.9
Venom: The Last Dance,"Action, Science Fiction, Adventure","Tom Hardy, Chiwetel Ejiofor, Juno Temple",Kelly Marcel,"Eddie and Venom are on the run. Hunted by both of their worlds and with the net closing in, the duo are forced into a devastating decision that will bring the curtains down on Venom and Eddie's last dance.",6.782
Z Zone,Horror,"Bilguun Chuluundorj, Purevjargal Erdenebileg, Bazarragchaa Byambajav",Bilguun Chuluundorj,"In a remote corner of the world, a group of troubled youths finds themselves whisked away to a mysterious military base after a series of misbehaviors. Expecting little more than a stern reprimand, they are instead thrust into a world of secrets and shadows.  In a desperate bid for freedom, they must unravel the mysteries of the base and confront the sinister forces that lurk in the shadows. But with time running out and danger lurking around every corner, the odds of survival grow slimmer by the minute.  Courage, strength, and sacrifice, would they finally escape the clutches of the base and emerge from the darkness into the light?",6.733
Holland,"Thriller, Mystery","Nicole Kidman, Gael García Bernal, Matthew Macfadyen",Mimi Cave,"Nancy, a teacher whose life with her husband in Holland, Michigan, tumbles into a twisted tale when she and her colleague become suspicious of a secret.",5.364
Peacemaker Kurogane: Belief,"Animation, History, Action, Drama, Fantasy, Romance","Jouji Nakata, Yuji Ueda, Mitsuki Saiga",Shigeru Kimiya,"Although traumatized by witnessing the murder of his parents by one of the Choushuu, Ichimura Tetsunosuke's thirst for revenge leads him to desire strength. At the age of 15, Tetsunosuke approached the Shinsengumi, wanting to become one of its members. However, Tetsunosuke lacked the skill, mind, and will to emotionlessly cut down whoever threatened peace and the Shinsengumi. Even with the support of his brother Tatsunosuke and his newfound friends of the Shinsengumi, little did Tetsunosuke know the blood and pain he would have to face being part of this historical group.",5.167
Banger,"Comedy, Music","Vincent Cassel, Yvick Letexier, Laura Felpin",So-Me,"When cops recruit a has-been DJ to bust a quirky criminal gang with ties to his rival, he spots a chance to mix his way back to the top with a banger.",4.2
Novocaine,"Action, Comedy, Thriller","Jack Quaid, Amber Midthunder, Ray Nicholson","Dan Berk, Robert Olsen","When the girl of his dreams is kidnapped, everyman Nate turns his inability to feel pain into an unexpected strength in his fight to get her back.",6.97
The Monkey,"Horror, Comedy","Theo James, Tatiana Maslany, Christian Convery",Osgood Perkins,"When twin brothers find a mysterious wind-up monkey, a series of outrageous deaths tear their family apart. Twenty-five years later, the monkey begins a new killing spree forcing the estranged brothers to confront the cursed toy.",5.86
Squad 36,"Action, Crime, Drama, Thriller","Victor Belmondo, Tewfik Jallab, Soufiane Guerrab",Olivier Marchal,"Forced out of his elite unit, a troubled cop launches his own rogue investigation when mysterious killings claim the lives of his former colleagues.",6.336
Panda Plan,"Action, Comedy","Jackie Chan, Shi Ce, Wei Xiang",Zhang Luan,"International action star Jackie Chan is invited to the adoption ceremony of a rare baby panda, but after an international crime syndicate attempts to kidnap the bear, Jackie has to save the bear using his stunt work skills.",7.0
"Robotia, la película","Animation, Adventure","Annabel Gallardo, Ariel Cister, Ana María Picchio","Diego Lucero, Diego Cagide",,6.0
Flow,"Animation, Fantasy, Adventure",,Gints Zilbalodis,"A solitary cat, displaced by a great flood, finds refuge on a boat with various species and must navigate the challenges of adapting to a transformed world together.",8.241
Love Hurts,"Action, Comedy, Romance","Ke Huy Quan, Ariana DeBose, Daniel Wu",Jonathan Eusebio,"A realtor is pulled back into the life he left behind after his former partner-in-crime resurfaces with an ominous message. With his crime-lord brother also on his trail, he must confront his past and the history he never fully buried.",5.938
Memoir of a Snail,"Animation, Drama, Comedy","Sarah Snook, Kodi Smit-McPhee, Jacki Weaver",Adam Elliot,"Forcibly separated from her twin brother when they are orphaned, a melancholic misfit learns how to find confidence within herself amid the clutter of misfortunes and everyday life.",8.0
Gladiator II,"Action, Adventure, Drama","Paul Mescal, Denzel Washington, Pedro Pascal",Ridley Scott,"Years after witnessing the death of the revered hero Maximus at the hands of his uncle, Lucius is forced to enter the Colosseum after his home is conquered by the tyrannical Emperors who now lead Rome with an iron fist. With rage in his heart and the future of the Empire at stake, Lucius must look to his past to find strength and honor to return the glory of Rome to its people.",6.8
Companion,"Horror, Thriller, Science Fiction","Sophie Thatcher, Jack Quaid, Lukas Gage",Drew Hancock,"During a weekend getaway at a secluded lakeside estate, a group of friends finds themselves entangled in a web of secrets, deception, and advanced technology. As tensions rise and loyalties are tested, they uncover unsettling truths about themselves and the world around them.",7.076
Deadpool & Wolverine,"Action, Comedy, Science Fiction","Ryan Reynolds, Hugh Jackman, Emma Corrin",Shawn Levy,"A listless Wade Wilson toils away in civilian life with his days as the morally flexible mercenary, Deadpool, behind him. But when his homeworld faces an existential threat, Wade must reluctantly suit-up again with an even more reluctant Wolverine.",7.608
Despicable Me 4,"Animation, Family, Comedy, Science Fiction","Steve Carell, Kristen Wiig, Will Ferrell",Chris Renaud,"Gru and Lucy and their girls—Margo, Edith and Agnes—welcome a new member to the Gru family, Gru Jr., who is intent on tormenting his dad. Gru also faces a new nemesis in Maxime Le Mal and his femme fatale girlfriend Valentina, forcing the family to go on the run.",7.054
The Wild Robot,"Animation, Science Fiction, Family","Lupita Nyong'o, Pedro Pascal, Kit Connor",Chris Sanders,"After a shipwreck, an intelligent robot called Roz is stranded on an uninhabited island. To survive the harsh environment, Roz bonds with the island's animals and cares for an orphaned baby goose.",8.333
Solo Leveling -ReAwakening-,"Action, Adventure, Fantasy, Animation","Taito Ban, Genta Nakamura, Haruna Mikawa",Shunsuke Nakashige,"Over a decade after 'gates' connecting worlds appeared, awakening 'hunters' with superpowers, weakest hunter Sung Jinwoo encounters a double dungeon and accepts a mysterious quest, becoming the only one able to level up, changing his fate. A catch-up recap of the first season coupled with an exclusive sneak peek of the first two episodes of the highly anticipated second season in one momentous theatrical fan experience.",6.949
Puri for Rent,"Drama, Romance","Aiko Garcia, Van Allen Ong, Marlon Marcia",,"Aiko Garcia plays a desperate woman thrust into an unusual job. In desperate need of money after getting fired, Nancy finds herself accepting a job as a young and rich disabled man’s sexual partner. But can she let go of her dignity when the sex leads to love?",10.0
Inside Out 2,"Animation, Adventure, Comedy, Family","Amy Poehler, Maya Hawke, Kensington Tallman",Kelsey Mann,"Teenager Riley's mind headquarters is undergoing a sudden demolition to make room for something entirely unexpected: new Emotions! Joy, Sadness, Anger, Fear and Disgust, who’ve long been running a successful operation by all accounts, aren’t sure how to feel when Anxiety shows up. And it looks like she’s not alone.",7.557
Dog Man,"Family, Comedy, Adventure, Animation","Peter Hastings, Pete Davidson, Lil Rel Howery",Peter Hastings,"When a faithful police dog and his human police officer owner are injured together on the job, a harebrained but life-saving surgery fuses the two of them together and Dog Man is born. Dog Man is sworn to protect and serve—and fetch, sit and roll over. As Dog Man embraces his new identity and strives to impress his Chief, he must stop the pretty evil plots of feline supervillain Petey the Cat.",7.8
My Fault,"Romance, Drama","Nicole Wallace, Gabriel Guevara, Marta Hazas",Domingo González,"Noah must leave her city, boyfriend, and friends to move into William Leister's mansion, the flashy and wealthy husband of her mother Rafaela. As a proud and independent 17 year old, Noah resists living in a mansion surrounded by luxury. However, it is there where she meets Nick, her new stepbrother, and the clash of their strong personalities becomes evident from the very beginning.",7.823
Clawfoot,Thriller,"Francesca Eastwood, Milo Gibson, Olivia Culpo",Michael Day,An upper-class suburban housewife is psychologically terrorized by a manipulative contractor remodeling her bathroom... until the tables are turned and a twisted battle of wits ensues with deliciously unexpected results.,4.909
xXx,"Action, Adventure, Thriller, Crime","Vin Diesel, Asia Argento, Marton Csokas",Rob Cohen,"Xander Cage is your standard adrenaline junkie with no fear and a lousy attitude. When the US Government ""recruits"" him to go on a mission, he's not exactly thrilled. His mission: to gather information on an organization that may just be planning the destruction of the world, led by the nihilistic Yorgi.",5.938
The Amateur,"Thriller, Action","Rami Malek, Michael Stuhlbarg, Laurence Fishburne",James Hawes,"After his life is turned upside down when his wife is killed in a London terrorist attack, a brilliant but introverted CIA decoder takes matters into his own hands when his supervisors refuse to take action.",7.4
Henry Danger: The Movie,"Action, Comedy, Family, Science Fiction","Jace Norman, Sean Ryan Fox, Ella Anderson",Joe Menendez,"Henry Hart meets a superfan—eager to fight crime with Kid Danger—who comes into possession of a device that can open up alternate realities. Facing a wild ride, Henry will need his best friend Jasper and his new superfan sidekick to find his way out or be stuck in another dimension forever.",7.775
Minecraft: Into the Nether,Documentary,Alastair Aiken,Billy Simpson,"Minecraft. The game that took the world by storm. Follow the story of how the Minecraft phenomenon has ploughed through the 21st century selling over 54 million copies worldwide on a multitude of platforms engaging an audience in the millions which is still continuing to grow. The game boasts the biggest digital world in gaming history with a fan base stretching to every corner of the globe. Youtube viewing numbers have grown and online participation has tripled over the last few years creating a new industry for enthusiastic gamers. Vast communities have been brought together through it's educational impact, YouTube celebrities, festivals and game events pushing the boundaries of technology and creativity to the limits.",7.9
The Electric State,"Science Fiction, Adventure, Action","Millie Bobby Brown, Chris Pratt, Ke Huy Quan","Joe Russo, Anthony Russo","An orphaned teen hits the road with a mysterious robot to find her long-lost brother, teaming up with a smuggler and his wisecracking sidekick.",6.6
The Substance,"Horror, Science Fiction","Demi Moore, Margaret Qualley, Dennis Quaid",Coralie Fargeat,"A fading celebrity decides to use a black market drug, a cell-replicating substance that temporarily creates a younger, better version of herself.",7.138
Anora,"Drama, Comedy, Romance","Mikey Madison, Mark Eydelshteyn, Yura Borisov",Sean Baker,"A young sex worker from Brooklyn gets her chance at a Cinderella story when she meets and impulsively marries the son of an oligarch. Once the news reaches Russia, her fairytale is threatened as his parents set out to get the marriage annulled.",7.1
The Shawshank Redemption,"Drama, Crime","Morgan Freeman, Tim Robbins, Bob Gunton",Frank Darabont,"Imprisoned in the 1940s for the double murder of his wife and her lover, upstanding banker Andy Dufresne begins a new life at the Shawshank prison, where he puts his accounting skills to work for an amoral warden. During his long stretch in prison, Dufresne comes to be admired by the other inmates -- including an older prisoner named Red -- for his integrity and unquenchable sense of hope.",8.707
Alarum,"Action, Crime, Thriller","Scott Eastwood, Sylvester Stallone, Willa Fitzgerald",Michael Polish,"Two married spies caught in the crosshairs of an international intelligence network will stop at nothing to obtain a critical asset. Joe and Lara are agents living off the grid whose quiet retreat at a winter resort is blown to shreds when members of the old guard suspect the two may have joined an elite team of rogue spies, known as Alarum.",5.827
The Godfather,"Drama, Crime","Marlon Brando, Al Pacino, James Caan",Francis Ford Coppola,"Spanning the years 1945 to 1955, a chronicle of the fictional Italian-American Corleone crime family. When organized crime family patriarch, Vito Corleone barely survives an attempt on his life, his youngest son, Michael steps in to take care of the would-be killers, launching a campaign of bloody revenge.",8.686
Interstellar,"Adventure, Drama, Science Fiction","Matthew McConaughey, Anne Hathaway, Michael Caine",Christopher Nolan,The adventures of a group of explorers who make use of a newly discovered wormhole to surpass the limitations on human space travel and conquer the vast distances involved in an interstellar voyage.,8.453
Red One,"Action, Comedy, Fantasy","Dwayne Johnson, Chris Evans, Lucy Liu",Jake Kasdan,"After Santa Claus (codename: Red One) is kidnapped, the North Pole's Head of Security must team up with the world's most infamous tracker in a globe-trotting, action-packed mission to save Christmas.",7.058
From Good to the Hood,Comedy,"Quim Gutiérrez, Sara Sálamo, María de Nati",Mar Olid,"Cheating the tax man was just too tempting for Andrés. Besides, what are the chances of him getting caught? Well, as it turns out, pretty high! And that’s exactly what happens when a couple of tax inspectors turn up at his company to inform him that he owes the IRS a lot of money.",6.0
From Good to the Hood,Comedy,"Quim Gutiérrez, Sara Sálamo, María de Nati",Mar Olid,"Cheating the tax man was just too tempting for Andrés. Besides, what are the chances of him getting caught? Well, as it turns out, pretty high! And that’s exactly what happens when a couple of tax inspectors turn up at his company to inform him that he owes the IRS a lot of money.",6.0
Una pequeña confusión,Comedy,"Ana de la Reguera, Juanpa Zurita, Vico Escorcia",Ariel Winograd,"Lola and Cuau, a progressive middle-class pair, and Iñigo and Majo, a young conservative, well-heeled duo, turn to artificial insemination as a last resort to have children. In a madcap twist based on actual events, a mix-up at the clinic results in each mom-to-be carrying the other one's baby.",7.409
Final Twist,Horror,"Adrián Labrador, Sara Sanz, Yaiza Hervás",Norberto Ramos del Val,"Monica has a podcast and Alex has a dark secret. Sometimes, meeting up with online friends in real life isn't such a good idea.",5.875
A Whole Life,"Drama, History","Stefan Górski, August Zirner, Andreas Lust",Hans Steinbichler,"When Andreas arrives in the remote valley in the Austrian Alps, he is only about four years old - nobody knows for sure. He grows up to become a skilled farmhand and, as a young man, joins a work crew that builds one of the first mountain railroads, bringing light and noise to the valley along with electricity. He also finds the love of his life in Marie, but their happiness is short-lived. Only many years later, when Andreas embarks on his final journey, she is with him once again. And in amazement Andreas looks back at all the years that lie behind him.",7.0
Minecraft: The Story of Mojang,Documentary,"Markus Persson, Jens Bergensten, Jakob Porser",Paul Owens,"Minecraft: The Story of Mojang is a feature-length documentary that follows the young company over the course of its first year as their profile expanded across the world stage and into the homes of millions of gamers. Featuring insights from industry icons, journalists, tastemakers, and players profoundly impacted by the game, the film serves as a time capsule for one of this generation's most unorthodox success stories.",7.0
Mientras Cupido no está,Comedy,"Dolores Heredia, Vadhir Derbez, Antonia San Juan",Alejandro Aimetta,"Mirtha Del Cañon is the owner of a million-dollar company. Her only son, Bartolo, is a mess, and to straighten him out, she decides to look for a woman for him, to achieve that, she organizes a casting to find the perfect daughter-in-law.",0.0
When Fall Is Coming,"Drama, Thriller, Comedy","Hélène Vincent, Josiane Balasko, Ludivine Sagnier",François Ozon,"Michelle is enjoying a peaceful retirement in a Burgundy village, close to her longtime friend Marie-Claude. When her Parisian daughter Valérie drops off her son Lucas to spend school vacation with his grandma, Michelle, stressed out by her daughter, serves her toxic mushrooms for lunch. Valérie quickly recovers, but forbids her mother from seeing her grandson anymore. Feeling lonely and guilty, Michelle falls into a depression... until Marie-Claude's son gets out of prison.",6.4
Heretic,"Horror, Thriller","Hugh Grant, Sophie Thatcher, Chloe East","Scott Beck, Bryan Woods","Two young missionaries are forced to prove their faith when they knock on the wrong door and are greeted by a diabolical Mr. Reed, becoming ensnared in his deadly game of cat-and-mouse.",7.072
Escape,"Action, Drama","Lee Je-hoon, Koo Kyo-hwan, Hong Xa-bin",Lee Jong-pil,"After completing his required decade of military service and being honored as a hero, a North Korean sergeant makes a sudden shocking attempt to defect to the South, risking life and limb for the chance to finally determine his own destiny.",7.3
Frogman,"Horror, Fantasy","Nathan Tymoshuk, Chelsey Grant, Benny Barrett",Anthony Cousins,"An amateur filmmaker, struggling to turn his passion into a career, returns with friends to Loveland, Ohio, the location of his first, notorious sighting of the Frogman, determined to obtain irrefutable proof that the cryptid legend exists.",5.0
My Fault: London,"Romance, Drama","Asha Banks, Matthew Broome, Eve Macklin","Dani Girdwood, Charlotte Fassler","18-year-old Noah moves from America to London, with her mother who's recently fallen in love with William, a wealthy British businessman. Noah meets William’s son, bad-boy Nick, and soon discovers there is an attraction between them neither can avoid. As Noah spends the summer adjusting to her new life, her devastating past will catch up with her while falling in love for the first time.",7.5
Presence,"Horror, Drama, Thriller","Callina Liang, Lucy Liu, Chris Sullivan",Steven Soderbergh,"A couple, Rebekah and Chris, and their children, Tyler and Chloe, move into a seemingly normal suburban home. When strange occurrences occur, they begin to believe that there is something else in the house with them. The presence is about to disrupt their lives in unimaginable ways.",5.971
Elevation,"Action, Science Fiction, Thriller","Anthony Mackie, Morena Baccarin, Maddie Hasson",George Nolfi,A single father and two women venture from the safety of their homes to face monstrous creatures to save the life of a young boy.,6.483
Night Nurse,Comedy,"Gloria Guida, Lino Banfi, Alvaro Vitali",Mariano Laurenti,"A dentist invites a elderly patient to stay at his home to recover, unaware that he is a jewel thief. He plans to steal a valuable diamond but then runs into a beautiful nurse who, aside from constantly stripping nude, has plans of her own.",5.2
Last Breath,"Thriller, Drama","Woody Harrelson, Simu Liu, Finn Cole",Alex Parkinson,Seasoned deep-sea divers battle the raging elements to rescue their crewmate trapped hundreds of feet below the ocean's surface.,6.844
Back in Action,"Action, Comedy","Jamie Foxx, Cameron Diaz, McKenna Roberts",Seth Gordon,"Fifteen years after vanishing from the CIA to start a family, elite spies Matt and Emily jump back into the world of espionage when their cover is blown.",6.5
Your Fault,"Romance, Drama","Nicole Wallace, Gabriel Guevara, Marta Hazas",Domingo González,The love between Noah and Nick seems unwavering despite their parents' attempts to separate them. But his job and her entry into college open up their lives to new relationships that will shake the foundations of both their relationship and the Leister family itself.,7.133
Wicked,"Drama, Romance, Fantasy","Cynthia Erivo, Ariana Grande, Jeff Goldblum",Jon M. Chu,"In the land of Oz, ostracized and misunderstood green-skinned Elphaba is forced to share a room with the popular aristocrat Glinda at Shiz University, and the two's unlikely friendship is tested as they begin to fulfill their respective destinies as Glinda the Good and the Wicked Witch of the West.",6.9
Los Frikis,Drama,"Adria Arjona, Héctor Medina, Eros de la Puente","Michael Schwartz, Tyler Nilson","Gustavo idolizes his older brother Paco and his punk, ""Frikis"" bandmates. When word reaches the Frikis of a potential reprieve from the effects of the economic crisis, they do the now unthinkable: deliberately inject themselves with HIV to live at a government-run treatment home. It's there that they create their own utopia to live and play music freely.",5.333
Ellie and the Monster Team,"Animation, Family, Comedy",,"Jesper Møller, Piet De Rycker, Jens Møller","When a homeless little ghost knocks on the door to the eccentric residents of a Ghost Train on the lookout for a place to belong, she accidentally attracts the attention from the outside world and must team up with the motley crew of monsters on a crazy quest to save not only the future of the Ghost Train but also her only chance to finally have a family of her own.",5.8
Devara : Part 1,"Action, Drama","N.T. Rama Rao Jr., Saif Ali Khan, Prakash Raj",Koratala Siva,"Devara, a fearless man from a coastal region, embarks on a perilous journey into the treacherous world of the sea to safeguard the lives of his people. Unbeknownst to him, his brother Bhaira is plotting a conspiracy against him. As events unfold, Devara passes on his legacy to his mild-mannered and timid son, Varada.",6.978
Sniper: The Last Stand,"Action, Thriller","Chad Michael Collins, Ryan Robbins, Sharon Taylor",Danishka Esterhazy,"To stop an arms dealer from unleashing a deadly superweapon, Ace sniper Brandon Beckett and Agent Zero are deployed to Costa Verde to lead a group of elite soldiers against an unrelenting militia. Taking an untested sniper under his wing, Beckett faces his newest challenge: giving orders instead of receiving them. With both time and ammo running low in a race to save humanity, the team must overcome all odds just to survive.",6.69
"Miraculous World: London, At the Edge of Time","Animation, Adventure, Action, Fantasy","Annouck Hautbois, Benjamin Bollen, Marie Nonnenmacher",Thomas Astruc,"To save the future from a terrible fate, Marinette becomes Chronobug and teams up with Bunnyx to defeat a mysterious opponent who travels through time. Who is this new supervillain, and why are they obsessed with exposing Marinette's secret superhero identity? Marinette's only hope is to defeat her new opponent to prevent the end of Ladybug and time itself!",7.253
365 Days: This Day,"Romance, Drama","Anna-Maria Sieklucka, Michele Morrone, Simone Susinna","Tomasz Mandes, Barbara Białowąs","Laura and Massimo are back and hotter than ever. But the reunited couple's new beginning is complicated by Massimo’s family ties and a mysterious man who enters Laura’s life to win her heart and trust, at any cost.",5.9
"The Chronicles of Narnia: The Lion, the Witch and the Wardrobe","Adventure, Family, Fantasy","William Moseley, Anna Popplewell, Skandar Keynes",Andrew Adamson,"Siblings Lucy, Edmund, Susan and Peter step through a magical wardrobe and find the land of Narnia. There, they discover a charming, once peaceful kingdom that has been plunged into eternal winter by the evil White Witch, Jadis. Aided by the wise and magnificent lion, Aslan, the children lead Narnia into a spectacular, climactic battle to be free of the Witch's glacial powers forever.",7.133
Paddington in Peru,"Family, Comedy, Adventure","Ben Whishaw, Hugh Bonneville, Emily Mortimer",Dougal Wilson,"Paddington travels to Peru to visit his beloved Aunt Lucy, who now resides at the Home for Retired Bears. With the Brown Family in tow, a thrilling adventure ensues when a mystery plunges them into an unexpected journey through the Amazon rainforest and up to the mountain peaks of Peru.",6.877
Apocalypse Z: The Beginning of the End,"Drama, Action, Horror","Francisco Ortiz, José María Yázpik, Berta Vázquez",Carles Torrens,"When a kind of rabies that transforms people into aggressive creatures spreads across the planet, Manel isolates himself at home with his cat, relying on his wits to survive; but soon they must go out in search of food, by land and by sea, dodging many dangers.",6.723
The Cousin,"Comedy, Drama","Massimo Ranieri, Dayle Haddon, Christian De Sica",Aldo Lado,"Italian coming of age story about two cousins, Enzo and Agata, told in three stages.",5.4
Spirited Away,"Animation, Family, Fantasy","Rumi Hiiragi, Miyu Irino, Mari Natsuki",Hayao Miyazaki,"A young girl, Chihiro, becomes trapped in a strange new world of spirits. When her parents undergo a mysterious transformation, she must call upon the courage she never knew she had to free her family.",8.536
Top Gun: Maverick,"Action, Drama","Tom Cruise, Miles Teller, Monica Barbaro",Joseph Kosinski,"After more than thirty years of service as one of the Navy’s top aviators, and dodging the advancement in rank that would ground him, Pete “Maverick” Mitchell finds himself training a detachment of TOP GUN graduates for a specialized mission the likes of which no living pilot has ever seen.",8.2
The Glassworker,"Animation, Family, Romance, War","Sacha Dhawan, Anjli Mohindra, Art Malik",Usman Riaz,A young glassworker-in-training living with his pacifist father finds his apprenticeship upended by an impending war and the arrival of an army colonel to their seaside town.,7.2
Nosferatu,"Fantasy, Horror","Lily-Rose Depp, Nicholas Hoult, Bill Skarsgård",Robert Eggers,"A gothic tale of obsession between a haunted young woman and the terrifying vampire infatuated with her, causing untold horror in its wake.",6.706
Kiskisan,Drama,"Apple Dy, Skye Gonzaga, Juan Calma",Bobby Bonifacio,"A steamy tale of love, lust, and betrayal. When Adele's sister Bea returns with her girlfriend Cheska, a secret affair begins between Cheska and Adele's boyfriend, Rener, leading to a climactic ending when they're caught.",7.5
The Bayou,"Thriller, Horror, Action","Elisha Applebaum, Madalena Aragão, David Newman","Taneli Mustonen, Brad Watson","Vacation turns disaster when Houston grad Kyle and her friends survive a plane crash in the desolate Louisiana everglades, only to discover there's something way more dangerous lurking in the shallows.",6.164
Avengers: Infinity War,"Adventure, Action, Science Fiction","Robert Downey Jr., Chris Evans, Chris Hemsworth","Anthony Russo, Joe Russo","As the Avengers and their allies have continued to protect the world from threats too large for any one hero to handle, a new danger has emerged from the cosmic shadows: Thanos. A despot of intergalactic infamy, his goal is to collect all six Infinity Stones, artifacts of unimaginable power, and use them to inflict his twisted will on all of reality. Everything the Avengers have fought for has led up to this moment - the fate of Earth and existence itself has never been more uncertain.",8.236
The Gardener,"Action, Comedy","Jean-Claude Van Damme, Michaël Youn, Nawell Madani",David Charhon,"Every year the Prime Minister has a list of all kinds of troublemakers eliminated in the name of the famous Reason of State. Serge Shuster, Special Adviser to the President of the Republic, finds himself on this list, better known as the Matignon List.  Condemned to certain death and at the heart of an implacable plot and a state secret that also put his family in danger, Serge, his wife and children have only one hope left - their gardener, Léo, who hates it when « slugs » invade his garden... Especially those that want to kill innocent families.",6.313
Absolution,"Action, Crime, Thriller, Mystery, Family","Liam Neeson, Ron Perlman, Yolonda Ross",Hans Petter Moland,"An aging ex-boxer gangster working as muscle for a Boston crime boss receives an upsetting diagnosis.  Despite a faltering memory, he attempts to rectify the sins of his past and reconnect with his estranged children. He is determined to leave a positive legacy for his grandson, but the criminal underworld isn’t done with him and won’t loosen their grip willingly.",5.935
The Avengers,"Science Fiction, Action, Adventure","Robert Downey Jr., Chris Evans, Mark Ruffalo",Joss Whedon,"When an unexpected enemy emerges and threatens global safety and security, Nick Fury, director of the international peacekeeping agency known as S.H.I.E.L.D., finds himself in need of a team to pull the world back from the brink of disaster. Spanning the globe, a daring recruitment effort begins!",7.734
Fast X,"Action, Crime, Thriller, Adventure, Mystery","Vin Diesel, Michelle Rodriguez, Tyrese Gibson",Louis Leterrier,"Over many missions and against impossible odds, Dom Toretto and his family have outsmarted, out-nerved and outdriven every foe in their path. Now, they confront the most lethal opponent they've ever faced: A terrifying threat emerging from the shadows of the past who's fueled by blood revenge, and who is determined to shatter this family and destroy everything—and everyone—that Dom loves, forever.",7.048
Bad Boys: Ride or Die,"Action, Comedy, Crime, Thriller, Adventure","Will Smith, Martin Lawrence, Vanessa Hudgens","Adil El Arbi, Bilall Fallah","After their late former Captain is framed, Lowrey and Burnett try to clear his name, only to end up on the run themselves.",7.383
The Lord of the Rings: The War of the Rohirrim,"Animation, Fantasy, Adventure, Action","Brian Cox, Gaia Wise, Luke Pasqualino",Kenji Kamiyama,"A sudden attack by Wulf, a clever and traitorous lord of Rohan seeking vengeance for the death of his father, forces Helm Hammerhand, the King of Rohan, and his people to make a daring last stand in the ancient stronghold of the Hornburg.",6.664
Control Freak,Horror,"Kelly Marie Tran, Miles Robbins, Kieu Chinh",Shal Ngo,"A motivational speaker, plagued by an uncontrollable itch on her head, becomes infected with a parasitic demon from her homeland.",5.5
The Island,"Action, Crime, Thriller","Michael Jai White, Jackson Rathbone, Gillian White",Shaun Paul Piccinino,"When his brother is killed, LAPD officer Mark leaves the city to return to the island he grew up on. Seeking answers and ultimately vengeance, he soon finds himself in a bloody battle with the corrupt tycoon who's taken over the island paradise.",6.218
Minecraft: Il Film di Pete,"Comedy, Adventure","Mario Palladino, Steve, Pete",Mario Palladino,,0.0
Sex Education Mistresses,Comedy,"Michiko Tsukasa, Rie Nakagawa, Yūko Katagiri",Akira Kato,"An erotic comedy depicting the sex adventures of  young wives living in an apartment complex, that are not satisfied with just having sex with their husbands.",5.5
Pabrik Gula,"Horror, Thriller","Ersya Aurelia, Arbani Yasiz, Erika Carlina",Awi Suryadi,"A group of young men and women who work as seasonal workers in a sugar factory face terror from the kingdom of demons where the factory is located. They must find out the cause of the demons' anger, before the terror ends their lives.",6.2
Minecraft: Through the Nether Portal,Documentary,,Billy Simpson,"Minecraft: Through the Nether Portal takes you on a journey through the ever-evolving, epic game of Minecraft. Its popularity is opening up a whole new world for this generation, with millions of new players signing up each week. With exclusive interviews from industry experts and Minecraft’s biggest YouTube players, Dan TDM and Ali-A, we look at how the game is now being used as a tool for education and teaching while digging deeper into the creativity behind the game.",4.0
Gladiator,"Action, Drama, Adventure","Russell Crowe, Joaquin Phoenix, Connie Nielsen",Ridley Scott,"After the death of Emperor Marcus Aurelius, his devious son takes power and demotes Maximus, one of Rome's most capable generals who Marcus preferred. Eventually, Maximus is forced to become a gladiator and battle to the death against other men for the amusement of paying audiences.",8.218
Blade Runner 2049,"Science Fiction, Drama","Ryan Gosling, Harrison Ford, Ana de Armas",Denis Villeneuve,"Thirty years after the events of the first film, a new blade runner, LAPD Officer K, unearths a long-buried secret that has the potential to plunge what's left of society into chaos. K's discovery leads him on a quest to find Rick Deckard, a former LAPD blade runner who has been missing for 30 years.",7.577
Alien: Romulus,"Horror, Science Fiction","Cailee Spaeny, David Jonsson, Archie Renaux",Fede Álvarez,"While scavenging the deep ends of a derelict space station, a group of young space colonizers come face to face with the most terrifying life form in the universe.",7.207
Avatar,"Action, Adventure, Fantasy, Science Fiction","Sam Worthington, Zoe Saldaña, Sigourney Weaver",James Cameron,"In the 22nd century, a paraplegic Marine is dispatched to the moon Pandora on a unique mission, but becomes torn between following orders and protecting an alien civilization.",7.588
Harry Potter and the Philosopher's Stone,"Adventure, Fantasy","Daniel Radcliffe, Rupert Grint, Emma Watson",Chris Columbus,"Harry Potter has lived under the stairs at his aunt and uncle's house his whole life. But on his 11th birthday, he learns he's a powerful wizard—with a place waiting for him at the Hogwarts School of Witchcraft and Wizardry. As he learns to harness his newfound powers with the help of the school's kindly headmaster, Harry uncovers the truth about his parents' deaths—and about the villain who's to blame.",7.902
Operation Undead,"Horror, Action, Thriller","Chanon Santinatornkul, Awat Ratanapintha, Guntapat Kasemsan Na Ayudhya",Kongkiat Khomsiri,"Inexperienced Thai soldiers battle a growing undead menace in this gruesome survival horror. A Japanese military experiment that turns men into monsters escapes containment, it’s up to these troops to save their nation from annihilation.",3.8
The Super Mario Bros. Movie,"Family, Comedy, Adventure, Animation","Chris Pratt, Anya Taylor-Joy, Charlie Day","Aaron Horvath, Michael Jelenic","While working underground to fix a water main, Brooklyn plumbers—and brothers—Mario and Luigi are transported down a mysterious pipe and wander into a magical new world. But when the brothers are separated, Mario embarks on an epic quest to find Luigi.",7.624
Room in Rome,"Drama, Romance","Elena Anaya, Natasha Yarovenko, Enrico Lo Verso",Julio Medem,"A hotel room in the center of Rome serves as the setting for Alba and Natasha, two sexy and recently acquainted women, to have a physical adventure that touches their very souls.",6.404
The X-Treme Riders,"Action, Crime","Jirayu La-ongmanee, Wawaa Nichari Chokprajakchat, Chaleeda Gilbert",Sor Sangchai,"A fast-paced action drama about siblings desperately needing money for their mother's treatment. Then the brother, who is the stunt performer, inevitably needs to be involved with.",8.1
Spider-Man: No Way Home,"Action, Adventure, Science Fiction","Tom Holland, Zendaya, Benedict Cumberbatch",Jon Watts,"Peter Parker is unmasked and no longer able to separate his normal life from the high-stakes of being a super-hero. When he asks for help from Doctor Strange the stakes become even more dangerous, forcing him to discover what it truly means to be Spider-Man.",7.946
Titanic,"Drama, Romance","Leonardo DiCaprio, Kate Winslet, Billy Zane",James Cameron,"101-year-old Rose DeWitt Bukater tells the story of her life aboard the Titanic, 84 years later. A young Rose boards the ship with her mother and fiancé. Meanwhile, Jack Dawson and Fabrizio De Rossi win third-class tickets aboard the ship. Rose tells the whole story from Titanic's departure through to its death—on its first and last voyage—on April 15, 1912.",7.905
Mar.IA,"Horror, Thriller, Science Fiction","Malena Sánchez, Sofía Gala Castiglione, Juan Palomino","Gabriel Grieco, Nicanor Loreti","Alina is a movie sound engineer. One day she receives an offer to do the direct sound for an erotic film featuring Maria Black, a famous star of the genre who had already retired. When Maria has a heart attack and dies in the middle of the shoot, and the producers decide not to call the police, a series of sinister and unexpected events are unleashed that will endanger everyone's lives.",0.0
Werewolves,"Action, Horror, Thriller","Frank Grillo, Katrina Law, Ilfenesh Hadera",Steven C. Miller,"A year after a supermoon’s light activated a dormant gene, transforming humans into bloodthirsty werewolves and causing nearly a billion deaths, the nightmare resurfaces as the supermoon rises again. Two scientists attempt to stop the mutation but fail and must now struggle to reach one of their family homes.",6.196
Uppercut,"Drama, Thriller","Ving Rhames, Luise Grossmann, Jordan E. Cooper",Torsten Rüther,"When Elliott, a tough ex-boxing champion, accepts the challenge to train Toni, the two mismatched characters form an unlikely alliance. Their sparring and Elliott's keen insights show the resilient young fighter that real strength comes from the challenges you overcome when life throws its biggest punches your way.",3.938
Attack on Titan: THE LAST ATTACK,"Animation, Action, Adventure, Fantasy","Yuki Kaji, Yui Ishikawa, Marina Inoue",Yuichiro Hayashi,"A colossal-sized omnibus film bringing together the last two episodes of Attack on Titan in the franchise's first-ever theatrical experience. After venturing beyond the walls and separated from his comrades, Eren finds himself inspired by this new truth and plots the ""Rumbling,"" a terrifying plan to eradicate every living thing in the world. With the fate of the world hanging in the balance, a motley crew of Eren's former comrades and enemies scramble to halt his deadly mission. The only question is, can they stop him?",8.6
Shrek,"Animation, Comedy, Fantasy, Adventure, Family","Mike Myers, Eddie Murphy, Cameron Diaz","Andrew Adamson, Vicky Jenson","It ain't easy bein' green -- especially if you're a likable (albeit smelly) ogre named Shrek. On a mission to retrieve a gorgeous princess from the clutches of a fire-breathing dragon, Shrek teams up with an unlikely compatriot -- a wisecracking donkey.",7.749
The Maze Runner,"Action, Mystery, Science Fiction, Thriller","Dylan O'Brien, Kaya Scodelario, Aml Ameen",Wes Ball,"Set in a post-apocalyptic world, young Thomas is deposited in a community of boys after his memory is erased, soon learning they're all trapped in a maze that will require him to join forces with fellow “runners” for a shot at escape.",7.189
The Dark Knight,"Drama, Action, Crime, Thriller","Christian Bale, Heath Ledger, Aaron Eckhart",Christopher Nolan,"Batman raises the stakes in his war on crime. With the help of Lt. Jim Gordon and District Attorney Harvey Dent, Batman sets out to dismantle the remaining criminal organizations that plague the streets. The partnership proves to be effective, but they soon find themselves prey to a reign of chaos unleashed by a rising criminal mastermind known to the terrified citizens of Gotham as the Joker.",8.519
Groper Train: Touch That Girl,,"Shouko Oginome, Kyoko Hashimoto, Shinobu Kawana",Mototsugu Watanabe,Pink film from 1988,2.0
Smile 2,"Horror, Mystery","Naomi Scott, Rosemarie DeWitt, Lukas Gage",Parker Finn,"About to embark on a new world tour, global pop sensation Skye Riley begins experiencing increasingly terrifying and inexplicable events. Overwhelmed by the escalating horrors and the pressures of fame, Skye is forced to face her dark past to regain control of her life before it spirals out of control.",6.6
Piglet,Horror,"Alina Desmond, Alex Butler, Lauren Staerck",Andrea M. Catinella,"On Kate's 21st birthday camping trip, her friends encounter Piglet, a monstrous human-pig hybrid who brutally murders one of them. They uncover Piglet's origins and Kate must confront her past to survive the relentless killer.",5.9
Alone In The Night,"Action, Comedy, Drama","Pablo Gómez-Pando, Andrea Carballo, Alfonso Sánchez",Guillermo Rojas,"A group of labour lawyers hide in a house when the coup d'état of 23F takes place in Spain. Unsure of what to do, they debate between fleeing the country, staying in hiding or trying to do something to defend Spain's young democracy.",5.8
John Wick: Chapter 4,"Action, Thriller, Crime","Keanu Reeves, Donnie Yen, Bill Skarsgård",Chad Stahelski,"With the price on his head ever increasing, John Wick uncovers a path to defeating The High Table. But before he can earn his freedom, Wick must face off against a new enemy with powerful alliances across the globe and forces that turn old friends into foes.",7.721
TRON: Ares,Science Fiction,"Jared Leto, Greta Lee, Evan Peters",Joachim Rønning,"A highly sophisticated Program called Ares is sent from the digital world into the real world on a dangerous mission, marking humankind's first encounter with A.I. beings.",0.0
Dune: Part Two,"Science Fiction, Adventure","Timothée Chalamet, Zendaya, Rebecca Ferguson",Denis Villeneuve,"Follow the mythic journey of Paul Atreides as he unites with Chani and the Fremen while on a path of revenge against the conspirators who destroyed his family. Facing a choice between the love of his life and the fate of the known universe, Paul endeavors to prevent a terrible future only he can foresee.",8.147
Girl Play,"Comedy, Romance","Lacie Harmon, Robin Greenspan, Mink Stole",Lee Friedlander,"Two real-life lesbian actresses meet by chance when they are cast as lovers in a local stage play, and end up actually falling in love. Robin, who is married to her girlfriend for half a dozen years, and Lacie, someone who never had a lasting relationship, are both cast to play lesbian lovers in a Los Angeles stage play. Innocently, the stage director, Gabriel runs the actresses through a series of rehearsals designed to ""bring out the intimacy"" in each performer. Soon the two women find themselves increasingly and undeniably attracted to each other and overcome with desire. They must ask themselves whether this relationship is manufactured, created for the sake of the ""girl play"", or is true love.",5.4
Night Call,"Thriller, Action","Jonathan Feltre, Natacha Krief, Jonas Bloquet",Michiel Blanchart,"Mady, a student, works as a locksmith by night. He helps Claire get into her apartment and soon realizes that she lied to him about her identity and robbed something that belonged to a dangerous man, Yannick. Mady gets embroiled in a manhunt and will have one night to prove his innocence.",6.771
Dirty Angels,"Action, Drama, Thriller, War","Eva Green, Maria Bakalova, Ruby Rose",Martin Campbell,"During the United States' 2021 withdrawal from Afghanistan, a group of female soldiers posing as medical relief are sent back in to rescue a group of kidnapped teenagers caught between ISIS and the Taliban.",6.185
Kung Fu Panda 4,"Animation, Family, Action, Comedy, Adventure, Fantasy","Jack Black, Awkwafina, Viola Davis",Mike Mitchell,"Po is gearing up to become the spiritual leader of his Valley of Peace, but also needs someone to take his place as Dragon Warrior. As such, he will train a new kung fu practitioner for the spot and will encounter a villain called the Chameleon who conjures villains from the past.",7.071
Tatsulok,"Drama, Romance","Mariane Saint, Marlon Marcia, Skye Gonzaga",Jojo Nadela,"Story about a happily married couple visited by an old friend, who ends up stirring the pot by becoming sexually involved with both the husband and the wife.",5.4
Novocaine,"Action, Comedy, Thriller","Jack Quaid, Amber Midthunder, Ray Nicholson","Dan Berk, Robert Olsen","When the girl of his dreams is kidnapped, everyman Nate turns his inability to feel pain into an unexpected strength in his fight to get her back.",6.97
Mesa de regalos,Comedy,"José Eduardo Derbez, Cassandra Sánchez Navarro, Verónica Bravo",Noé Santillán-López,"Nicolás and Antonia are two inseparable friends who are far from the emotional and professional stability that all their acquaintances have achieved. After attending countless weddings, they come up with a plan as bold as it is ingenious: to fund their dreams by organizing their own fake wedding! They announce their ""secret love,"" plan a big celebration, and at the crucial moment, Antonia is to leave Nicolás standing at the altar. Confident that the scandal will discourage guests from claiming their gifts, they plan to split the loot. However, unexpected feelings begin to arise, which could complicate their brilliant plan.",8.667
Five Nights at Freddy's,"Horror, Thriller","Josh Hutcherson, Piper Rubio, Elizabeth Lail",Emma Tammi,"Recently fired and desperate for work, a troubled young man named Mike agrees to take a position as a night security guard at an abandoned theme restaurant: Freddy Fazbear's Pizzeria. But he soon discovers that nothing at Freddy's is what it seems.",7.5
Survive,"Science Fiction, Thriller, Adventure, Action","Émilie Dequenne, Andreas Pietschmann, Lisa Delamar",Frédéric Jardin,A couple celebrates their son’s birthday in the middle of the ocean on their boat. A violent storm hits and it brings up hungry creatures from the depths and they fight for their survival.,5.837
Howl's Moving Castle,"Fantasy, Animation, Adventure","Chieko Baisho, Takuya Kimura, Akihiro Miwa",Hayao Miyazaki,"Sophie, a young milliner, is turned into an elderly woman by a witch who enters her shop and curses her. She encounters a wizard named Howl and gets caught up in his resistance to fighting for the king.",8.397
Victoria,Animation,,Robert Sahakyants,Wordless animated fim from Robert Sahakyants,0.0
Fight Club,Drama,"Edward Norton, Brad Pitt, Helena Bonham Carter",David Fincher,"A ticking-time-bomb insomniac and a slippery soap salesman channel primal male aggression into a shocking new form of therapy. Their concept catches on, with underground ""fight clubs"" forming in every town, until an eccentric gets in the way and ignites an out-of-control spiral toward oblivion.",8.438
La zia di Monica,Comedy,"Magda Konopka, Karin Well, Gianni Dei",Giorgio Mille,,5.0
Mission: Impossible - The Final Reckoning,"Action, Adventure, Thriller","Tom Cruise, Hayley Atwell, Ving Rhames",Christopher McQuarrie,"After escaping a calamitous train crash, Ethan realizes The Entity is stashed aboard an old Russian submarine, but a foe from his past named Gabriel is also on the trail.",0.0
Parthenope,"Romance, Drama","Celeste Dalla Porta, Stefania Sandrelli, Gary Oldman",Paolo Sorrentino,"Parthenope, born in the sea near Naples in 1950, is beautiful, enigmatic, and intelligent. She is shamelessly courted by many. However, beauty comes at a cost.",6.9
Pleasure,Drama,"Sofia Kappel, Zelda Morrison, Tee Reel",Ninja Thyberg,"19 year old Linnéa leaves her small town in Sweden and heads for Los Angeles with the aim of becoming the world's next big porn star, but the road to her goal turns out to be bumpier than she imagined.",6.28
The Matrix,"Action, Science Fiction","Keanu Reeves, Laurence Fishburne, Carrie-Anne Moss","Lana Wachowski, Lilly Wachowski","Set in the 22nd century, The Matrix tells the story of a computer hacker who joins a group of underground insurgents fighting the vast and powerful computers who now rule the earth.",8.2
The Brutalist,Drama,"Adrien Brody, Felicity Jones, Guy Pearce",Brady Corbet,"When a visionary architect and his wife flee post-war Europe in 1947 to rebuild their legacy and witness the birth of modern United States, their lives are changed forever by a mysterious, wealthy client.",7.06
Spider-Man: Across the Spider-Verse,"Animation, Action, Adventure, Science Fiction","Shameik Moore, Hailee Steinfeld, Brian Tyree Henry","Kemp Powers, Justin K. Thompson, Joaquim Dos Santos","After reuniting with Gwen Stacy, Brooklyn’s full-time, friendly neighborhood Spider-Man is catapulted across the Multiverse, where he encounters the Spider Society, a team of Spider-People charged with protecting the Multiverse’s very existence. But when the heroes clash on how to handle a new threat, Miles finds himself pitted against the other Spiders and must set out on his own to save those he loves most.",8.344
Niko: Beyond the Northern Lights,"Animation, Family, Fantasy","Matthew Whelan, Emma Jenkins, Paul Tylak",Kari Juusonen,"Niko the reindeer joins his father in Santa's Flying Forces, but when Santa's sleigh is stolen by an acquaintance, Niko must find it in time for Christmas.",7.7
Carry-On,"Thriller, Action","Taron Egerton, Jason Bateman, Sofia Carson",Jaume Collet-Serra,An airport security officer races to outsmart a mysterious traveler forcing him to let a dangerous item slip onto a Christmas Eve flight.,6.896
Girl Play,"Comedy, Romance","Lacie Harmon, Robin Greenspan, Mink Stole",Lee Friedlander,"Two real-life lesbian actresses meet by chance when they are cast as lovers in a local stage play, and end up actually falling in love. Robin, who is married to her girlfriend for half a dozen years, and Lacie, someone who never had a lasting relationship, are both cast to play lesbian lovers in a Los Angeles stage play. Innocently, the stage director, Gabriel runs the actresses through a series of rehearsals designed to ""bring out the intimacy"" in each performer. Soon the two women find themselves increasingly and undeniably attracted to each other and overcome with desire. They must ask themselves whether this relationship is manufactured, created for the sake of the ""girl play"", or is true love.",5.4
Promised Hearts,"Drama, Romance","Beby Tsabina, Deva Mahenra, Caitlin Halderman",Anggy Umbara,A young woman's future is jeopardized by a secret arrangement that throws her life into chaos — but it may be the only way to save her family.,4.95
Coco,"Family, Animation, Music, Adventure","Anthony Gonzalez, Gael García Bernal, Benjamin Bratt",Lee Unkrich,"Despite his family’s baffling generations-old ban on music, Miguel dreams of becoming an accomplished musician like his idol, Ernesto de la Cruz. Desperate to prove his talent, Miguel finds himself in the stunning and colorful Land of the Dead following a mysterious chain of events. Along the way, he meets charming trickster Hector, and together, they set off on an extraordinary journey to unlock the real story behind Miguel's family history.",8.204
Anastasia,"Drama, TV Movie","Peter Cushing, Malcolm Russell, Anthony Ireland",,"Set 16 years after the execution of the Tsar and his family by the Bolsheviks. Exiles Prince Bounine and his friends come up with a scheme to con money by claiming an imposter to be Princess Anastasia who escaped the shootings. They find a poor woman who is close to suicide and both looks the part and speaks Russian. All they need to do is train her for her role, enough to convince other members of the ex-Royal household and family also in exile.",0.0
Inception,"Action, Science Fiction, Adventure","Leonardo DiCaprio, Joseph Gordon-Levitt, Ken Watanabe",Christopher Nolan,"Cobb, a skilled thief who commits corporate espionage by infiltrating the subconscious of his targets is offered a chance to regain his old life as payment for a task considered to be impossible: ""inception"", the implantation of another person's idea into a target's subconscious.",8.369
Babygirl,Drama,"Nicole Kidman, Harris Dickinson, Antonio Banderas",Halina Reijn,A high-powered CEO puts her career and family on the line when she begins a torrid affair with her much younger intern.,5.821
Test,"Drama, Thriller","R. Madhavan, Nayanthara, Siddharth",S. Sashikanth,"The worlds of three ordinary people converge during a historic cricket match, ultimately forcing them to make life-altering decisions.",5.6
Oppenheimer,"Drama, History","Cillian Murphy, Emily Blunt, Matt Damon",Christopher Nolan,The story of J. Robert Oppenheimer's role in the development of the atomic bomb during World War II.,8.067
Coraline,"Animation, Family, Fantasy","Dakota Fanning, Teri Hatcher, Jennifer Saunders",Henry Selick,"Wandering her rambling old house in her boring new town, 11-year-old Coraline discovers a hidden door to a strangely idealized version of her life. In order to stay in the fantasy, she must make a frighteningly real sacrifice.",7.889
Conclave,"Drama, Thriller, Mystery","Ralph Fiennes, Stanley Tucci, John Lithgow",Edward Berger,"After the unexpected death of the Pope, Cardinal Lawrence is tasked with managing the covert and ancient ritual of electing a new one. Sequestered in the Vatican with the Catholic Church’s most powerful leaders until the process is complete, Lawrence finds himself at the center of a conspiracy that could lead to its downfall.",7.191
Godzilla x Kong: The New Empire,"Action, Adventure, Science Fiction","Rebecca Hall, Brian Tyree Henry, Dan Stevens",Adam Wingard,"Following their explosive showdown, Godzilla and Kong must reunite against a colossal undiscovered threat hidden within our world, challenging their very existence – and our own.",7.097
The Help,Drama,"Emma Stone, Viola Davis, Bryce Dallas Howard",Tate Taylor,"Aibileen Clark is a middle-aged African-American maid who has spent her life raising white children and has recently lost her only son; Minny Jackson is an African-American maid who has often offended her employers despite her family's struggles with money and her desperate need for jobs; and Eugenia ""Skeeter"" Phelan is a young white woman who has recently moved back home after graduating college to find out her childhood maid has mysteriously disappeared. These three stories intertwine to explain how life in Jackson, Mississippi revolves around ""the help""; yet they are always kept at a certain distance because of racial lines.",8.207
Desmontando a Lucía,"Comedy, Drama","Susana Abaitua, Hugo Silva, Julián Villagrán",Alberto Utrera,"Lucía is arrested while driving her boyfriend Héctor's car at 200 km/h, dazed and bloody. She was sharing a weekend at the beach with him and Elena, her best friend. Now they are both missing and Lucía only remembers a “little” argument that ended with a bottle broken on Héctor’s head, but that’s all. This complicates Simon’s life. A private investigator? No. , thank you. Simon prefers to consider himself a simple “judicial expert”. When his partner Oliver, a lawyer with financial problems due to gambling, asks him to investigate Lucía and the disappearances, Simon does not know that he is about to take the Expertise on another level. Obsessed with Bogart's film noir, Simón will go beyond all limits when he falls in love with Lucía, the amnesiac suspect in the murder he is investigating.",5.0
Seven Veils,Drama,"Amanda Seyfried, Rebecca Liddiard, Douglas Smith",Atom Egoyan,"Jeanine, an earnest theatre director, has been given the task of remounting her former mentor’s most famous work, the opera Salome. Haunted by dark and disturbing memories from her past, she allows her repressed trauma to color the present as she re-enters the opera world after so many years away.",6.8
Wallace & Gromit: Vengeance Most Fowl,"Animation, Comedy, Family, Adventure","Ben Whitehead, Peter Kay, Lauren Patel","Nick Park, Merlin Crossingham","Gromit’s concern that Wallace is becoming too dependent on his inventions proves justified, when Wallace invents a “smart” gnome that seems to develop a mind of its own. When it emerges that a vengeful figure from the past might be masterminding things, it falls to Gromit to battle sinister forces and save his master… or Wallace may never be able to invent again!",7.6
"María, ¡Me muero!",Comedy,"Natalia Téllez, Ricardo Fastlicht, José Sefami",Gabriela Sobarzo,"“Maria, I'm dying!” is a comedy about a hypochondriac man, the only being in the world capable of even terminal colds, and his wife who has to put up with it until he decides to do something about it. The fear of death has never been so fun.",6.5
Parasite,"Comedy, Thriller, Drama","Song Kang-ho, Lee Sun-kyun, Cho Yeo-jeong",Bong Joon Ho,"All unemployed, Ki-taek's family takes peculiar interest in the wealthy and glamorous Parks for their livelihood until they get entangled in an unexpected incident.",8.5
The Assessment,"Science Fiction, Drama, Thriller","Alicia Vikander, Elizabeth Olsen, Himesh Patel",Fleur Fortuné,"In a climate change-ravaged world, a utopian society optimizes life, including parenthood assessments. A successful couple faces scrutiny by an evaluator over seven days to determine their fitness for childbearing.",7.3
Skin. Like. Sun.,Romance,"Wim van Damme, Floor Wyns","Jennifer Lyon Bell, Murielle Scherre","Real-life young couple Wim and Floor spend an afternoon in the sunwashed rooms of a crumbling home in Belgium. In a unique twist, this artistic erotic documentary is edited in nearly real-time. In the slowness, we get the build, the sweetness, and the sexiness. Forget about fingersnapping fast editing. Slow is where it’s at.",5.793
The Lord of the Rings: The Fellowship of the Ring,"Adventure, Fantasy, Action","Elijah Wood, Ian McKellen, Viggo Mortensen",Peter Jackson,"Young hobbit Frodo Baggins, after inheriting a mysterious ring from his uncle Bilbo, must leave his home in order to keep it from falling into the hands of its evil creator. Along the way, a fellowship is formed to protect the ringbearer and make sure that the ring arrives at its final destination: Mt. Doom, the only place where it can be destroyed.",8.418
404 Run Run,"Comedy, Horror","Chantavit Dhanasevi, Kanyawee Songmuang, Pittaya Saechua",Pichaya Jarusboonpracha,"Nakrob, a young real estate swindler, discovers an abandoned hillside hotel by the beach. Seeing an opportunity, he decides to turn it into a luxury hotel scam.",6.9
Transformers One,"Animation, Science Fiction, Adventure, Family","Chris Hemsworth, Brian Tyree Henry, Scarlett Johansson",Josh Cooley,"The untold origin story of Optimus Prime and Megatron, better known as sworn enemies, but once were friends bonded like brothers who changed the fate of Cybertron forever.",8.091
Le Clitoris,"Animation, Documentary",Lori Malépart-Traversy,Lori Malépart-Traversy,"Women are lucky, they get to have the only organ in the human body dedicated exclusively for pleasure: the clitoris! In this humorous and instructive animated documentary, find out its unrecognized anatomy and its unknown herstory.",6.8
Dhoom Dhaam,"Comedy, Romance, Action","Yami Gautam, Pratik Gandhi, Eijaz Khan",Rishab Seth,"On their wedding night, an oddball couple is thrust into a chaotic chase, dodging goons and cops in a frenzied hunt for the mysterious ""Charlie.""",6.6
Hotel Desire,"Drama, Romance","Saralisa Volm, Clemens Schick, Jan-Gregor Kremp",Sergej Moya,"Antonia is a single mother who works as a hotel maid in Berlin. A normal hot summer day takes a dramatic turn when she crosses paths with a particular guest of the hotel, famous blind portrait painter Julius Pass.",6.0
Wolf Man,"Horror, Thriller","Christopher Abbott, Julia Garner, Matilda Firth",Leigh Whannell,"With his marriage fraying, Blake persuades his wife Charlotte to take a break from the city and visit his remote childhood home in rural Oregon. As they arrive at the farmhouse in the dead of night, they're attacked by an unseen animal and barricade themselves inside the home as the creature prowls the perimeter. But as the night stretches on, Blake begins to behave strangely, transforming into something unrecognizable.",6.4
The Lord of the Rings: The Return of the King,"Adventure, Fantasy, Action","Elijah Wood, Ian McKellen, Viggo Mortensen",Peter Jackson,"As armies mass for a final battle that will decide the fate of the world--and powerful, ancient forces of Light and Dark compete to determine the outcome--one member of the Fellowship of the Ring is revealed as the noble heir to the throne of the Kings of Men. Yet, the sole hope for triumph over evil lies with a brave hobbit, Frodo, who, accompanied by his loyal friend Sam and the hideous, wretched Gollum, ventures deep into the very dark heart of Mordor on his seemingly impossible quest to destroy the Ring of Power.​",8.482
